cot_penalty,epoch,grad_norm,kl_divergence,loss,lr-AdamW,step,train_reward
,,,,,3e-05,0,
0.0,0,0.01813359372317791,0.0,0.0,,0,0.4989507388598249
,,,,,3e-05,1,
0.0,0,5.9143825637875125e-05,3.635883331298828e-06,3.6372694858284885e-06,,1,0.0
,,,,,3e-05,2,
0.0,0,8.075035293586552e-05,7.271766662597656e-06,7.274538971656977e-06,,2,1.0
,,,,,3e-05,3,
